name,position,team,injury_status,pass_comp,pass_att,pass_yds,pass_td,int,rush_car,rush_yds,rush_td,rec,rec_yds,rec_td,tar,tackles,sacks,forced_fumbles,fum_rec,def_int,int_td,fum_td,espn_fpts
Jahmyr Gibbs,RB,DET,Q,0,0,0,0,0,283.2,1374.1,14.5,67.8,546.9,3.4,86,0,0,0,0,0,0,0,365.5
Bijan Robinson,RB,ATL,,0,0,0,0,0,286.7,1374.1,8.5,75.7,707.1,3.4,98.5,0,0,0,0,0,0,0,353
Puka Nacua,WR,LAR,,0,0,0,0,0,15.9,105.7,1.2,123,1589.9,9.8,174.3,0,0,0,0,0,0,0,356.6
Ja'Marr Chase,WR,CIN,,0,0,0,0,0,4.1,21.1,0.1,119.5,1507.1,10.7,171.6,0,0,0,0,0,0,0,336.4
Jaxon Smith-Njigba,WR,SEA,,0,0,0,0,0,4.6,25.2,0.2,116.7,1569.2,8.5,166.3,0,0,0,0,0,0,0,326.8
Christian McCaffrey,RB,SF,,0,0,0,0,0,274.2,1130.9,9.1,78.8,685.5,4.8,100.1,0,0,0,0,0,0,0,343.5
Jonathan Taylor,RB,IND,,0,0,0,0,0,327.2,1510.3,11.6,51.3,380.5,1.4,62.9,0,0,0,0,0,0,0,317
Amon-Ra St. Brown,WR,DET,,0,0,0,0,0,2.3,13.5,0.1,118.1,1430.4,10.4,166.7,0,0,0,0,0,0,0,324.5
CeeDee Lamb,WR,DAL,,0,0,0,0,0,2.2,12.6,0.1,103.9,1379,8.6,158.3,0,0,0,0,0,0,0,294.3
De'Von Achane,RB,MIA,,0,0,0,0,0,257.7,1304.6,5,64.8,511.8,3,80.5,0,0,0,0,0,0,0,292.8
Justin Jefferson,WR,MIN,,0,0,0,0,0,2,10.6,0.1,110.7,1375.6,7.4,165.9,0,0,0,0,0,0,0,293.7
James Cook III,RB,BUF,,0,0,0,0,0,299.9,1399.6,11,35.9,302.1,1.6,46,0,0,0,0,0,0,0,279.4
Jeremiyah Love,RB,ARI,,0,0,0,0,0,254.8,1129.1,6.7,65.2,488.8,2.2,85.9,0,0,0,0,0,0,0,278.8
Drake London,WR,ATL,,0,0,0,0,0,0,0,0,102,1248.6,7.3,158.8,0,0,0,0,0,0,0,269.6
Ashton Jeanty,RB,LV,,0,0,0,0,0,281.1,1136.5,7.1,64.9,494.6,2,86.7,0,0,0,0,0,0,0,281.5
Rashee Rice,WR,KC,,0,0,0,0,0,8.2,42.6,0.6,96.3,1131.9,9.1,135.9,0,0,0,0,0,0,0,270.2
Trey McBride,TE,ARI,,0,0,0,0,0,0,0,0,107.8,1023.9,5.4,148.9,0,0,0,0,0,0,0,242.1
Omarion Hampton,RB,LAC,,0,0,0,0,0,270.4,1152.6,9.9,55.9,393.5,1.9,69,0,0,0,0,0,0,0,279.4
Saquon Barkley,RB,PHI,,0,0,0,0,0,300.7,1287,8.7,43.1,371.1,2.3,59,0,0,0,0,0,0,0,273.7
Derrick Henry,RB,BAL,,0,0,0,0,0,317,1482.1,13.1,21.4,210.5,1.2,28,0,0,0,0,0,0,0,274.5
Chase Brown,RB,CIN,,0,0,0,0,0,240.3,1046.4,7.4,64.1,434.6,2.8,80.1,0,0,0,0,0,0,0,272.6
Kenneth Walker III,RB,KC,,0,0,0,0,0,276.1,1233.3,9,48.3,375.4,1.7,59.8,0,0,0,0,0,0,0,272.7
Josh Jacobs,RB,GB,,0,0,0,0,0,300.3,1238.8,13,36,280.7,1.6,47.1,0,0,0,0,0,0,0,273.7
Brock Bowers,TE,LV,,0,0,0,0,0,4.2,15.5,0.2,98.4,995.9,6.6,135.4,0,0,0,0,0,0,0,240.2
Nico Collins,WR,HOU,,0,0,0,0,0,2.1,11.8,0.1,86.4,1210.6,6.7,137.1,0,0,0,0,0,0,0,249.1
Garrett Wilson,WR,NYJ,,0,0,0,0,0,2.2,10.8,0.1,100.1,1163.5,5.1,148.7,0,0,0,0,0,0,0,247.9
A.J. Brown,WR,NE,,0,0,0,0,0,0,0,0,86,1215.1,6.9,129.7,0,0,0,0,0,0,0,248.5
Chris Olave,WR,NO,,0,0,0,0,0,0,0,0,90.5,1162.6,6.4,142.3,0,0,0,0,0,0,0,244.9
George Pickens,WR,DAL,,0,0,0,0,0,0,0,0,79.9,1114.2,8.2,124.4,0,0,0,0,0,0,0,239.1
Breece Hall,RB,NYJ,,0,0,0,0,0,265,1163.1,7.6,52.1,435.9,2.7,63.7,0,0,0,0,0,0,0,273.1
Javonte Williams,RB,DAL,,0,0,0,0,0,287.5,1256.3,11.1,37.1,218.4,1.5,50.9,0,0,0,0,0,0,0,258.7
Malik Nabers,WR,NYG,Q,0,0,0,0,0,4.2,21.6,0.1,81.4,1068.5,6.9,128.6,0,0,0,0,0,0,0,231.8
Tetairoa McMillan,WR,CAR,,0,0,0,0,0,0,0,0,83.4,1200.3,6.3,141,0,0,0,0,0,0,0,240.3
Zay Flowers,WR,BAL,,0,0,0,0,0,9.8,57.3,0.4,81.8,1172.8,5.5,116.6,0,0,0,0,0,0,0,239.1
DeVonta Smith,WR,PHI,,0,0,0,0,0,0,0,0,90.4,1129.4,6,127.8,0,0,0,0,0,0,0,238.8
Josh Allen,QB,BUF,,340.1,508.9,3945,26.2,11.6,116.4,579.5,12.4,0,0,0,0,0,0,0,0,0,0,0,369.2
Kyren Williams,RB,LAR,,0,0,0,0,0,236.5,1071.3,10.2,33.4,223.8,1.6,45,0,0,0,0,0,0,0,232.2
Travis Etienne Jr.,RB,NO,,0,0,0,0,0,257.9,1120,6.1,44.6,376.5,2.1,60.2,0,0,0,0,0,0,0,242.1
Cam Skattebo,RB,NYG,,0,0,0,0,0,249.3,1047,7.3,49.3,365,1.6,60.8,0,0,0,0,0,0,0,242.4
Quinshon Judkins,RB,CLE,,0,0,0,0,0,316.3,1240.4,7.2,31.8,220.8,0.7,41.4,0,0,0,0,0,0,0,225.3
Bucky Irving,RB,TB,,0,0,0,0,0,244.5,993.6,5.3,36.8,294.5,1.7,45.3,0,0,0,0,0,0,0,207.6
Emeka Egbuka,WR,TB,,0,0,0,0,0,2.2,11.9,0.1,69.7,1128.3,7.5,128,0,0,0,0,0,0,0,229.4
Davante Adams,WR,LAR,,0,0,0,0,0,0,0,0,67.6,1016.2,10.6,123.7,0,0,0,0,0,0,0,232.6
Ladd McConkey,WR,LAC,,0,0,0,0,0,0,0,0,79.6,1034,6.3,122.1,0,0,0,0,0,0,0,220.2
Terry McLaurin,WR,WSH,,0,0,0,0,0,0,0,0,80.2,1036.4,5.7,118.7,0,0,0,0,0,0,0,217.6
Tee Higgins,WR,CIN,,0,0,0,0,0,0,0,0,73.1,955.3,8.3,114.4,0,0,0,0,0,0,0,218.5
Jaylen Waddle,WR,DEN,,0,0,0,0,0,2,12.1,0.1,76.7,991.2,6,118.6,0,0,0,0,0,0,0,212.9
Jameson Williams,WR,DET,,0,0,0,0,0,7,45.1,0.6,64.2,1029,5.7,102.2,0,0,0,0,0,0,0,208.8
Colston Loveland,TE,CHI,,0,0,0,0,0,0,0,0,80.2,897.9,6,118.2,0,0,0,0,0,0,0,206.1
Tyler Warren,TE,IND,,0,0,0,0,0,6.3,14.5,0.4,86,871.8,5.3,115.3,0,0,0,0,0,0,0,208.5
Carnell Tate,WR,TEN,,0,0,0,0,0,0,0,0,77.9,1068.2,4.6,126.9,0,0,0,0,0,0,0,211.2
Rome Odunze,WR,CHI,,0,0,0,0,0,0,0,0,59.3,1029.4,8.4,118.2,0,0,0,0,0,0,0,212.8
Luther Burden III,WR,CHI,,0,0,0,0,0,9.1,49.6,0.4,75.1,937.6,5.1,113.1,0,0,0,0,0,0,0,206
DJ Moore,WR,BUF,,0,0,0,0,0,6.9,35.9,0.4,67.2,945.8,7,107.4,0,0,0,0,0,0,0,209.8
Jayden Daniels,QB,WSH,,347.4,520.3,3854.1,22.4,9.9,131,669.8,5.1,0,0,0,0,0,0,0,0,0,0,0,318.5
Lamar Jackson,QB,BAL,,302.8,466.9,3886,26,9.7,122.2,670.8,3.7,0,0,0,0,0,0,0,0,0,0,0,322.5
Drake Maye,QB,NE,,354.9,519.7,4094.2,26.9,11.2,101,531.6,4,0,0,0,0,0,0,0,0,0,0,0,319
Jalen Hurts,QB,PHI,,327.6,499,3780.7,23.6,9.2,106.3,438.2,9.2,0,0,0,0,0,0,0,0,0,0,0,320.8
TreVeyon Henderson,RB,NE,,0,0,0,0,0,194.3,853.8,6.8,43.1,299.6,1.6,51.9,0,0,0,0,0,0,0,208.2
Bhayshul Tuten,RB,JAX,,0,0,0,0,0,237,991.5,6.7,33.7,249.9,1.4,45.4,0,0,0,0,0,0,0,204.8
D'Andre Swift,RB,CHI,,0,0,0,0,0,219.4,995.4,8.2,30.4,269.5,1.1,41.1,0,0,0,0,0,0,0,211.9
David Montgomery,RB,HOU,,0,0,0,0,0,214.4,929.9,7,31.5,230.7,0.6,38.4,0,0,0,0,0,0,0,192.2
Jadarian Price,RB,SEA,,0,0,0,0,0,222.6,922.5,7.9,27.1,212.4,1.3,35.3,0,0,0,0,0,0,0,194.1
Tony Pollard,RB,TEN,,0,0,0,0,0,247.3,1076,5.6,29.7,180.9,0.5,38.6,0,0,0,0,0,0,0,189.6
Courtland Sutton,WR,DEN,,0,0,0,0,0,0,0,0,69.3,892.7,7.6,118.6,0,0,0,0,0,0,0,204
Michael Pittman Jr.,WR,PIT,,0,0,0,0,0,0,0,0,88.4,860.1,3.9,130.4,0,0,0,0,0,0,0,196.7
Alec Pierce,WR,IND,O,0,0,0,0,0,0,0,0,67.5,1026.2,5.6,115.3,0,0,0,0,0,0,0,203.4
Marvin Harrison Jr.,WR,ARI,,0,0,0,0,0,0,0,0,68.8,954.6,5.1,126,0,0,0,0,0,0,0,194
DK Metcalf,WR,PIT,,0,0,0,0,0,0,0,0,64.7,941.4,6.2,113.4,0,0,0,0,0,0,0,195.2
Jordyn Tyson,WR,NO,,0,0,0,0,0,0,0,0,67.5,917.6,5,109.5,0,0,0,0,0,0,0,188.5
Kyle Pitts Sr.,TE,ATL,,0,0,0,0,0,0,0,0,80.4,856.9,3.2,115,0,0,0,0,0,0,0,185
Harold Fannin Jr.,TE,CLE,,0,0,0,0,0,8.5,21.1,0.3,83,817.3,3.2,119,0,0,0,0,0,0,0,187.2
Sam LaPorta,TE,DET,,0,0,0,0,0,0,0,0,78.3,788.1,5.4,102.2,0,0,0,0,0,0,0,188.8
Joe Burrow,QB,CIN,,385.3,569.2,4122.4,33,10.9,51.8,189.2,2.1,0,0,0,0,0,0,0,0,0,0,0,304.4
Jaxson Dart,QB,NYG,,327.4,503.8,3689.7,20.9,10.2,100.8,553.2,6.6,0,0,0,0,0,0,0,0,0,0,0,301.5
Mike Evans,WR,SF,,0,0,0,0,0,0,0,0,56.5,899,6,100.7,0,0,0,0,0,0,0,182
Parker Washington,WR,JAX,,0,0,0,0,0,8,38.9,0.3,63.7,849.9,5.2,107.8,0,0,0,0,0,0,0,187
Christian Watson,WR,GB,,0,0,0,0,0,2.2,13.1,0.1,54.9,867.9,7.1,94.3,0,0,0,0,0,0,0,185.8
Matthew Golden,WR,GB,,0,0,0,0,0,4.5,24.9,0.2,66.8,871.9,4.7,104.8,0,0,0,0,0,0,0,185.6
Michael Wilson,WR,ARI,,0,0,0,0,0,0,0,0,70.6,860.8,3.4,114.6,0,0,0,0,0,0,0,176.7
Brian Thomas Jr.,WR,JAX,,0,0,0,0,0,4,23.1,0.2,57.1,860.1,5,102.1,0,0,0,0,0,0,0,176.4
Trevor Lawrence,QB,JAX,,347.2,560.5,3928.8,24.8,13,73.5,334.3,4.8,0,0,0,0,0,0,0,0,0,0,0,287.4
Dak Prescott,QB,DAL,,372.1,556,4120.4,29.8,11.9,51.2,185.9,2.2,0,0,0,0,0,0,0,0,0,0,0,286.8
Bo Nix,QB,DEN,,363.8,564.7,3873.1,26.4,11.1,82.3,355.6,3.9,0,0,0,0,0,0,0,0,0,0,0,295.1
Brock Purdy,QB,SF,,351.9,529.6,4180.6,27.1,13.9,65.4,277.3,3.5,0,0,0,0,0,0,0,0,0,0,0,292.5
Matthew Stafford,QB,LAR,,356.1,557.8,4281.9,34.9,9.7,27,39.4,0.6,0,0,0,0,0,0,0,0,0,0,0,293.2
Caleb Williams,QB,CHI,,316.6,528.3,3822.8,25.3,9.9,71.1,382,2.3,0,0,0,0,0,0,0,0,0,0,0,282.1
Jakobi Meyers,WR,JAX,,0,0,0,0,0,6,31.9,0.3,69.8,766.4,5.2,107.8,0,0,0,0,0,0,0,181.7
Wan'Dale Robinson,WR,TEN,,0,0,0,0,0,4.1,22.4,0.1,78.9,817.4,1.9,115.8,0,0,0,0,0,0,0,174.1
Travis Hunter,WR,JAX,,0,0,0,0,0,2,10.8,0.1,41.6,496.2,3.3,68.1,0,0,0,0,0,0,0,113
Makai Lemon,WR,PHI,,0,0,0,0,0,0,0,0,58.6,836.4,5.2,93.4,0,0,0,0,0,0,0,173.3
Josh Downs,WR,IND,,0,0,0,0,0,2.1,10.8,0.1,78.8,760.2,2.9,110,0,0,0,0,0,0,0,173.5
Jordan Addison,WR,MIN,,0,0,0,0,0,2,14.4,0.1,60.5,770.3,5.2,99.6,0,0,0,0,0,0,0,170.5
Justin Herbert,QB,LAC,,345.4,527.8,3846.2,25.5,11,78.3,405.9,2.3,0,0,0,0,0,0,0,0,0,0,0,282.7
Patrick Mahomes,QB,KC,Q,358,551.2,3992.6,26.1,11.7,53.1,326.4,3.2,0,0,0,0,0,0,0,0,0,0,0,289.7
Jaylen Warren,RB,PIT,,0,0,0,0,0,180,789.6,4.5,46.1,318.9,1.5,56.7,0,0,0,0,0,0,0,191.1
Rhamondre Stevenson,RB,NE,,0,0,0,0,0,169.5,721.7,6.6,38.3,313.4,1.9,46.7,0,0,0,0,0,0,0,190.9
Rico Dowdle,RB,PIT,,0,0,0,0,0,222.8,973.2,5.5,29.2,210,1.1,39.7,0,0,0,0,0,0,0,185.5
Kenny Gainwell,RB,TB,,0,0,0,0,0,117.9,522.5,4.6,52.1,342.5,2,64,0,0,0,0,0,0,0,178.2
Chuba Hubbard,RB,CAR,,0,0,0,0,0,193,775.5,4.2,41.1,304,1.5,52.2,0,0,0,0,0,0,0,182.7
Aaron Jones Sr.,RB,MIN,,0,0,0,0,0,170.1,740.5,3.7,47,344.2,2.1,60.8,0,0,0,0,0,0,0,188.8
George Kittle,TE,SF,O,0,0,0,0,0,0,0,0,69.5,762,5.3,88.5,0,0,0,0,0,0,0,177.3
Tucker Kraft,TE,GB,Q,0,0,0,0,0,2.2,8.5,0.1,67.7,775.2,4.2,94.3,0,0,0,0,0,0,0,171.6
Dallas Goedert,TE,PHI,,0,0,0,0,0,0,0,0,70.5,725.5,5.7,93.4,0,0,0,0,0,0,0,176.7
Travis Kelce,TE,KC,,0,0,0,0,0,0,0,0,73.8,769.5,4.5,103.3,0,0,0,0,0,0,0,177
Rachaad White,RB,WSH,,0,0,0,0,0,134.7,566.7,5.1,46.7,293.2,1.9,51.6,0,0,0,0,0,0,0,173.9
Jonathon Brooks,RB,CAR,,0,0,0,0,0,176.6,741.6,4,32.6,249.9,1.3,41.8,0,0,0,0,0,0,0,162.7
J.K. Dobbins,RB,DEN,,0,0,0,0,0,212.7,994.3,6.8,17.1,104.8,0.7,22.6,0,0,0,0,0,0,0,171.6
RJ Harvey,RB,DEN,,0,0,0,0,0,106.4,431.2,3.9,48.8,365.8,2.6,62.1,0,0,0,0,0,0,0,167
Jake Ferguson,TE,DAL,,0,0,0,0,0,0,0,0,73.2,599.1,5.8,96.1,0,0,0,0,0,0,0,167
Mark Andrews,TE,BAL,,0,0,0,0,0,9.8,34.7,0.7,58,618.1,7.1,84,0,0,0,0,0,0,0,169.6
T.J. Hockenson,TE,MIN,,0,0,0,0,0,0,0,0,77.7,639.4,2.8,99.6,0,0,0,0,0,0,0,158.2
Khalil Shakir,WR,BUF,,0,0,0,0,0,2.3,12.5,0.1,70.1,765.2,3.7,92.1,0,0,0,0,0,0,0,171.3
Jayden Reed,WR,GB,,0,0,0,0,0,9,64.9,0.4,63.4,728.8,4.4,89.1,0,0,0,0,0,0,0,170.7
Xavier Worthy,WR,KC,,0,0,0,0,0,12.4,75.9,0.6,55.5,787.8,4.6,92.4,0,0,0,0,0,0,0,172.8
Kyle Monangai,RB,CHI,Q,0,0,0,0,0,192,825.8,6.5,25.7,215.1,1.3,36,0,0,0,0,0,0,0,176.4
Kenyon Sadiq,TE,NYJ,,0,0,0,0,0,0,0,0,67.2,692.2,4.3,90.3,0,0,0,0,0,0,0,162.4
Isaiah Likely,TE,NYG,,0,0,0,0,0,0,0,0,63.7,684.4,4.2,86.1,0,0,0,0,0,0,0,156.5
Dalton Kincaid,TE,BUF,,0,0,0,0,0,0,0,0,59.3,697.7,4.5,81.8,0,0,0,0,0,0,0,155.6
Hunter Henry,TE,NE,,0,0,0,0,0,0,0,0,55.8,628.1,5.2,77.8,0,0,0,0,0,0,0,149.8
Jacory Croskey-Merritt,RB,WSH,,0,0,0,0,0,195.9,846.2,7.4,12.5,87.4,0.5,15.5,0,0,0,0,0,0,0,151.5
Blake Corum,RB,LAR,,0,0,0,0,0,182,837.5,7.3,16.7,117.1,0.6,22.5,0,0,0,0,0,0,0,159.4
Woody Marks,RB,HOU,,0,0,0,0,0,142.9,579.2,3,24.1,201,1.3,32.9,0,0,0,0,0,0,0,127.6
Zach Charbonnet,RB,SEA,O,0,0,0,0,0,136.6,555.1,6.9,20.3,145.1,0.4,26.2,0,0,0,0,0,0,0,134
Quentin Johnston,WR,LAC,,0,0,0,0,0,2.1,10.8,0.1,52.8,773.8,5.6,90.3,0,0,0,0,0,0,0,164.8
KC Concepcion,WR,CLE,,0,0,0,0,0,6.4,34.9,0.2,61.3,770.6,3.3,98.3,0,0,0,0,0,0,0,162.4
Deebo Samuel,WR,SF,,0,0,0,0,0,22.1,109.4,1.1,54.9,734.9,4.4,79.6,0,0,0,0,0,0,0,171.5
Chris Godwin Jr.,WR,TB,,0,0,0,0,0,0,0,0,60.4,701.4,4.6,90.7,0,0,0,0,0,0,0,157.7
Romeo Doubs,WR,NE,,0,0,0,0,0,0,0,0,56,714.4,5.6,83,0,0,0,0,0,0,0,160.5
Jayden Higgins,WR,HOU,,0,0,0,0,0,0,0,0,54.5,666.5,3.4,87.8,0,0,0,0,0,0,0,141.3
Jalen Coker,WR,CAR,,0,0,0,0,0,0,0,0,61.2,697.9,3.2,88.8,0,0,0,0,0,0,0,149.2
Jerry Jeudy,WR,CLE,,0,0,0,0,0,0,0,0,51.4,708.6,2.7,93.1,0,0,0,0,0,0,0,138
Rashid Shaheed,WR,SEA,,0,0,0,0,0,13.8,86.7,0.5,42.8,646.6,3.5,70.6,0,0,0,0,0,0,0,144.5
Kyler Murray,QB,MIN,,330.6,490.1,3347.1,19.5,9.9,70.9,443.8,3.2,0,0,0,0,0,0,0,0,0,0,0,251
Tyler Shough,QB,NO,,356.4,548,3891,20.4,11.1,65.6,284.7,4.3,0,0,0,0,0,0,0,0,0,0,0,265.5
Jared Goff,QB,DET,,371.5,544,4210,29,9.9,27.2,49.6,0.7,0,0,0,0,0,0,0,0,0,0,0,268.2
Daniel Jones,QB,IND,,348.7,526.8,3742.6,19.6,11.1,73,307.4,5.9,0,0,0,0,0,0,0,0,0,0,0,266.8
Jordan Mason,RB,MIN,,0,0,0,0,0,162,749.3,5.4,13.4,83.4,0.3,16.6,0,0,0,0,0,0,0,130
Alvin Kamara,RB,NO,,0,0,0,0,0,124.6,499.6,2.3,35.3,232.5,0.9,43.8,0,0,0,0,0,0,0,126.9
Isiah Pacheco,RB,DET,,0,0,0,0,0,148.6,640.1,4.5,17.2,114.5,0.8,21.5,0,0,0,0,0,0,0,123.8
Chris Rodriguez Jr.,RB,JAX,Q,0,0,0,0,0,100.4,431.3,3.4,4.1,29.4,0.2,5.7,0,0,0,0,0,0,0,71.2
Brian Robinson Jr.,RB,ATL,,0,0,0,0,0,134.6,561.2,3.7,8.7,59.1,0.3,10.9,0,0,0,0,0,0,0,94.1
Tank Bigsby,RB,PHI,,0,0,0,0,0,83.3,373.2,3.4,3.6,28.7,0.1,4.9,0,0,0,0,0,0,0,64.3
Jalen McMillan,WR,TB,,0,0,0,0,0,4.4,24.6,0.2,47.3,589.2,3.9,74.7,0,0,0,0,0,0,0,133.2
Calvin Ridley,WR,TEN,,0,0,0,0,0,6.1,32,0.2,46.2,721.7,3.6,88.3,0,0,0,0,0,0,0,143.8
Denzel Boston,WR,CLE,,0,0,0,0,0,0,0,0,51.6,638.1,2.8,82.8,0,0,0,0,0,0,0,131.7
Adonai Mitchell,WR,NYJ,,0,0,0,0,0,2.2,11.2,0.1,41.5,610.8,3.5,74.3,0,0,0,0,0,0,0,125.4
De'Zhaun Stribling,WR,SF,,0,0,0,0,0,0,0,0,33.2,498.3,3.1,53.9,0,0,0,0,0,0,0,101.3
Baker Mayfield,QB,TB,,338.7,526.4,3827.6,24.7,11.6,54.1,323.6,1.4,0,0,0,0,0,0,0,0,0,0,0,265.5
Malik Willis,QB,MIA,,322.4,505.1,3554.2,13,10.4,105.6,545.2,3.4,0,0,0,0,0,0,0,0,0,0,0,237.8
Germie Bernard,WR,PIT,,0,0,0,0,0,2.1,11.7,0.1,47.1,593.7,3.2,79.4,0,0,0,0,0,0,0,126.9
Antonio Williams,WR,WSH,,0,0,0,0,0,4.1,22.3,0.2,40.5,519,3.2,61.9,0,0,0,0,0,0,0,115.2
Tre Tucker,WR,LV,,0,0,0,0,0,10.5,57.7,0.3,48.2,656.5,2.5,81.2,0,0,0,0,0,0,0,137.7
Ray Davis,RB,BUF,,0,0,0,0,0,32.3,137.8,1.1,7.8,60,0.4,10.2,0,0,0,0,0,0,0,38.1
Tyrone Tracy Jr.,RB,NYG,,0,0,0,0,0,111.3,473.5,1.6,16,116.8,0.6,20.3,0,0,0,0,0,0,0,87.1
Mike Washington Jr.,RB,LV,,0,0,0,0,0,88.6,365,2.2,8.3,59.9,0.3,10.8,0,0,0,0,0,0,0,65.5
Tyler Allgeier,RB,ARI,,0,0,0,0,0,97.4,385.1,3.3,18.1,125.9,0.4,22.9,0,0,0,0,0,0,0,91.4
Dylan Sampson,RB,CLE,,0,0,0,0,0,54.5,227.5,1,29.6,206.6,1.2,36.2,0,0,0,0,0,0,0,86.6
Terrance Ferguson,TE,LAR,,0,0,0,0,0,0,0,0,46,580.1,5.4,73.1,0,0,0,0,0,0,0,135.9
Juwan Johnson,TE,NO,,0,0,0,0,0,0,0,0,63.5,637,2.7,87.6,0,0,0,0,0,0,0,142.8
Jalen Nailor,WR,LV,,0,0,0,0,0,2.1,11.1,0.1,44.2,605.7,3,75.8,0,0,0,0,0,0,0,123.9
Omar Cooper Jr.,WR,NYJ,,0,0,0,0,0,2.2,12,0.1,39.7,477.9,2.6,58.4,0,0,0,0,0,0,0,104.9
Rashod Bateman,WR,BAL,,0,0,0,0,0,0,0,0,37.7,614.9,4,65.3,0,0,0,0,0,0,0,122.7
Jauan Jennings,WR,MIN,,0,0,0,0,0,0,0,0,46.5,486.3,3.3,71.9,0,0,0,0,0,0,0,114.6
Tank Dell,WR,HOU,Q,0,0,0,0,0,8.4,44.6,0.2,37.9,461.9,2.7,60.3,0,0,0,0,0,0,0,105.5
Tyjae Spears,RB,TEN,,0,0,0,0,0,97.3,410.9,2.7,49.6,333.5,1.6,60.7,0,0,0,0,0,0,0,149.1
Braelon Allen,RB,NYJ,,0,0,0,0,0,82.5,347.6,2.9,12.7,89.5,0.4,15.9,0,0,0,0,0,0,0,76.4
Keaton Mitchell,RB,LAC,,0,0,0,0,0,62.4,293.7,1.8,12,92.6,0.5,15.9,0,0,0,0,0,0,0,64.1
Broncos D/ST,DST,DEN,,0,0,0,0,0,0,0,0,0,0,0,0,0,0,0,0,0,0,0,130.7
Texans D/ST,DST,HOU,,0,0,0,0,0,0,0,0,0,0,0,0,0,0,0,0,0,0,0,128
Steelers D/ST,DST,PIT,,0,0,0,0,0,0,0,0,0,0,0,0,0,0,0,0,0,0,0,126.3
Seahawks D/ST,DST,SEA,,0,0,0,0,0,0,0,0,0,0,0,0,0,0,0,0,0,0,0,119.4
Rams D/ST,DST,LAR,,0,0,0,0,0,0,0,0,0,0,0,0,0,0,0,0,0,0,0,123.3
Ravens D/ST,DST,BAL,,0,0,0,0,0,0,0,0,0,0,0,0,0,0,0,0,0,0,0,120
Eagles D/ST,DST,PHI,,0,0,0,0,0,0,0,0,0,0,0,0,0,0,0,0,0,0,0,106.9
Browns D/ST,DST,CLE,,0,0,0,0,0,0,0,0,0,0,0,0,0,0,0,0,0,0,0,104.3
Patriots D/ST,DST,NE,,0,0,0,0,0,0,0,0,0,0,0,0,0,0,0,0,0,0,0,100.4
Lions D/ST,DST,DET,,0,0,0,0,0,0,0,0,0,0,0,0,0,0,0,0,0,0,0,107.8
Chiefs D/ST,DST,KC,,0,0,0,0,0,0,0,0,0,0,0,0,0,0,0,0,0,0,0,100.6
Chargers D/ST,DST,LAC,,0,0,0,0,0,0,0,0,0,0,0,0,0,0,0,0,0,0,0,93.8
Brandon Aubrey,K,DAL,,0,0,0,0,0,0,0,0,0,0,0,0,0,0,0,0,0,0,0,171.6
Cameron Dicker,K,LAC,,0,0,0,0,0,0,0,0,0,0,0,0,0,0,0,0,0,0,0,161.7
Jason Myers,K,SEA,,0,0,0,0,0,0,0,0,0,0,0,0,0,0,0,0,0,0,0,158.5
Harrison Mevis,K,LAR,,0,0,0,0,0,0,0,0,0,0,0,0,0,0,0,0,0,0,0,159.5
Ka'imi Fairbairn,K,HOU,,0,0,0,0,0,0,0,0,0,0,0,0,0,0,0,0,0,0,0,157.7
Eddy Pineiro,K,SF,,0,0,0,0,0,0,0,0,0,0,0,0,0,0,0,0,0,0,0,155.3
Harrison Butker,K,KC,,0,0,0,0,0,0,0,0,0,0,0,0,0,0,0,0,0,0,0,148.4
Cam Little,K,JAX,,0,0,0,0,0,0,0,0,0,0,0,0,0,0,0,0,0,0,0,146.7
Jake Bates,K,DET,,0,0,0,0,0,0,0,0,0,0,0,0,0,0,0,0,0,0,0,145.9
Tyler Loop,K,BAL,,0,0,0,0,0,0,0,0,0,0,0,0,0,0,0,0,0,0,0,145.9
Cairo Santos,K,CHI,,0,0,0,0,0,0,0,0,0,0,0,0,0,0,0,0,0,0,0,144.5
Will Reichard,K,MIN,,0,0,0,0,0,0,0,0,0,0,0,0,0,0,0,0,0,0,0,142.2
Jordan James,RB,SF,Q,0,0,0,0,0,70.8,302.3,2,8.1,63.1,0.3,10.5,0,0,0,0,0,0,0,58.5
Brenton Strange,TE,JAX,,0,0,0,0,0,0,0,0,59.1,598.1,4,85.1,0,0,0,0,0,0,0,142.3
Justice Hill,RB,BAL,,0,0,0,0,0,48.8,223.2,1.4,39.5,349.1,1.7,51.3,0,0,0,0,0,0,0,114.3
Zachariah Branch,WR,ATL,,0,0,0,0,0,0,0,0,38.3,471.3,2.3,60.2,0,0,0,0,0,0,0,100.9
Jordan Love,QB,GB,,342,531.2,3995.1,25.1,10.7,50.4,213,0.9,0,0,0,0,0,0,0,0,0,0,0,259.6
Cam Ward,QB,TEN,,355,558.3,3754,16.4,10.3,46.6,200.4,2,0,0,0,0,0,0,0,0,0,0,0,218.8
C.J. Stroud,QB,HOU,,351.2,551,3945.7,21.4,12.1,57.1,248.9,1,0,0,0,0,0,0,0,0,0,0,0,245.7
Ricky Pearsall,WR,SF,Q,0,0,0,0,0,4.4,24.5,0.2,20.7,272,1.3,32.2,0,0,0,0,0,0,0,59
Darnell Mooney,WR,NYG,,0,0,0,0,0,2.2,11.9,0.1,30.8,450.9,2.4,57.8,0,0,0,0,0,0,0,91.9
Tre' Harris,WR,LAC,,0,0,0,0,0,0,0,0,34.5,408.3,2.5,53.1,0,0,0,0,0,0,0,89.5
Ryan Flournoy,WR,DAL,,0,0,0,0,0,2.2,12.3,0.1,33.9,383.8,2.7,50.9,0,0,0,0,0,0,0,89.5
Pat Freiermuth,TE,PIT,,0,0,0,0,0,0,0,0,59.9,600.9,2.8,85,0,0,0,0,0,0,0,135.9
Dalton Schultz,TE,HOU,,0,0,0,0,0,0,0,0,59.5,555.5,3.1,82.3,0,0,0,0,0,0,0,133.2
Jaylin Noel,WR,HOU,O,0,0,0,0,0,4.2,22.2,0.1,28.8,322.6,1.8,43.9,0,0,0,0,0,0,0,76.3
Xavier Legette,WR,CAR,,0,0,0,0,0,2.1,10.8,0.1,41.7,500.5,3.2,73.1,0,0,0,0,0,0,0,112.1
Jack Bech,WR,LV,,0,0,0,0,0,0,0,0,34.5,397.8,1.5,54.2,0,0,0,0,0,0,0,82.7
Isaac TeSlaa,WR,DET,,0,0,0,0,0,0,0,0,23.8,301.8,3.2,37.6,0,0,0,0,0,0,0,73
Jonah Coleman,RB,DEN,,0,0,0,0,0,24.5,101.9,0.8,13.1,94.1,0.6,16.9,0,0,0,0,0,0,0,40.8
Kaelon Black,RB,SF,,0,0,0,0,0,35.4,146.6,1,4.1,31.4,0.2,5.3,0,0,0,0,0,0,0,29
Kaytron Allen,RB,WSH,,0,0,0,0,0,12.2,50.7,0.4,4.2,28.9,0.2,5.2,0,0,0,0,0,0,0,15.8
Gunnar Helm,TE,TEN,,0,0,0,0,0,0,0,0,57.7,495.2,3.3,77.2,0,0,0,0,0,0,0,126.5
Chig Okonkwo,TE,WSH,,0,0,0,0,0,0,0,0,53.4,551.3,2.2,72.2,0,0,0,0,0,0,0,121.5
AJ Barner,TE,SEA,,0,0,0,0,0,9.2,18,0.5,44.7,432.7,3.6,60.5,0,0,0,0,0,0,0,113.8
Sam Darnold,QB,SEA,,335.1,512.7,4013.4,24,12.4,44.1,125.6,0.8,0,0,0,0,0,0,0,0,0,0,0,242.6
Bryce Young,QB,CAR,,335.8,539.5,3641.8,20.3,12.1,57.8,272.5,2.1,0,0,0,0,0,0,0,0,0,0,0,238
Fernando Mendoza,QB,LV,,283.4,447.8,3052.4,14.2,10.5,52.1,226.3,1.9,0,0,0,0,0,0,0,0,0,0,0,187.4
Nicholas Singleton,RB,TEN,,0,0,0,0,0,20.3,83.4,0.5,4.3,29.9,0.2,5.5,0,0,0,0,0,0,0,19.7
Demond Claiborne,RB,MIN,,0,0,0,0,0,26.3,110.1,0.8,4.5,29.4,0.2,5.5,0,0,0,0,0,0,0,24
Kimani Vidal,RB,LAC,,0,0,0,0,0,37.4,153,1.2,7.8,62.7,0.4,10.6,0,0,0,0,0,0,0,38.7
Chris Bell,WR,MIA,O,0,0,0,0,0,0,0,0,34.2,448.9,1.7,55.3,0,0,0,0,0,0,0,88.6
Jaylen Wright,RB,MIA,,0,0,0,0,0,55.8,233.1,1.1,7.5,56,0.2,10.1,0,0,0,0,0,0,0,43.3
Ollie Gordon II,RB,MIA,,0,0,0,0,0,49.4,202.8,1.2,3.9,27.8,0.1,5,0,0,0,0,0,0,0,34.8
Malik Washington,WR,MIA,,0,0,0,0,0,12.9,77.5,0.4,41,432.1,1.6,60.4,0,0,0,0,0,0,0,105.9
Jalen Tolbert,WR,MIA,,0,0,0,0,0,0,0,0,35.4,441.6,1.8,60.4,0,0,0,0,0,0,0,89.6
Cooper Kupp,WR,SEA,,0,0,0,0,0,0,0,0,37.9,471.7,2.8,57.2,0,0,0,0,0,0,0,101.5
Caleb Douglas,WR,MIA,,0,0,0,0,0,0,0,0,31.2,405.9,1.5,50.3,0,0,0,0,0,0,0,80.4
Kayshon Boutte,WR,NE,,0,0,0,0,0,0,0,0,26.9,366.4,2.4,41.5,0,0,0,0,0,0,0,77.6
Ja'Kobi Lane,WR,BAL,,0,0,0,0,0,0,0,0,25.8,393.5,2.9,42,0,0,0,0,0,0,0,82
Ted Hurst III,WR,TB,,0,0,0,0,0,0,0,0,22.8,295,2.1,37.3,0,0,0,0,0,0,0,65
Buccaneers D/ST,DST,TB,,0,0,0,0,0,0,0,0,0,0,0,0,0,0,0,0,0,0,0,92.8
Packers D/ST,DST,GB,,0,0,0,0,0,0,0,0,0,0,0,0,0,0,0,0,0,0,0,89.3
Chris Boswell,K,PIT,,0,0,0,0,0,0,0,0,0,0,0,0,0,0,0,0,0,0,0,142.7
Chase McLaughlin,K,TB,,0,0,0,0,0,0,0,0,0,0,0,0,0,0,0,0,0,0,0,142.4
Adam Randall,RB,BAL,,0,0,0,0,0,29.3,121.2,0.9,3.6,28.8,0.2,4.7,0,0,0,0,0,0,0,25.1
Samaje Perine,RB,CIN,,0,0,0,0,0,101.8,444,3.4,18.8,139.3,0.7,22.9,0,0,0,0,0,0,0,100.8
LeQuint Allen Jr.,RB,JAX,,0,0,0,0,0,8,33.9,0.2,21.7,148,0.8,28.4,0,0,0,0,0,0,0,46.4
MarShawn Lloyd,RB,GB,,0,0,0,0,0,67.2,286.4,2.1,12.1,85.1,0.6,15.7,0,0,0,0,0,0,0,64.7
Jaydon Blue,RB,DAL,,0,0,0,0,0,48.7,205,1.5,8.8,61.8,0.4,11.3,0,0,0,0,0,0,0,46.8
George Holani,RB,SEA,,0,0,0,0,0,38.9,164.2,1.5,8,62.2,0.3,10.6,0,0,0,0,0,0,0,41.5
Ty Johnson,RB,BUF,,0,0,0,0,0,50.8,219.2,2.1,21.6,208,1.3,30.7,0,0,0,0,0,0,0,84.8
Emari Demercado,RB,KC,,0,0,0,0,0,53.6,254.7,1.4,15.7,107.9,0.6,21.7,0,0,0,0,0,0,0,63.5
Isaiah Davis,RB,NYJ,,0,0,0,0,0,39.1,178.2,1.3,12.9,95.4,0.4,15.9,0,0,0,0,0,0,0,50.8
Emmett Johnson,RB,KC,,0,0,0,0,0,49.4,205.3,1.6,8.4,59.2,0.4,10.9,0,0,0,0,0,0,0,46.3
Chris Brooks,RB,GB,O,0,0,0,0,0,22.4,98.5,0.6,15.7,111,0.6,21,0,0,0,0,0,0,0,43.7
Sean Tucker,RB,TB,,0,0,0,0,0,43.7,182.7,2.4,2,14.4,0.1,2.7,0,0,0,0,0,0,0,37.1
DJ Giddens,RB,IND,,0,0,0,0,0,33.6,141.5,1,8.5,56.8,0.3,10.5,0,0,0,0,0,0,0,36
Keon Coleman,WR,BUF,,0,0,0,0,0,0,0,0,19.4,266,2.2,32.5,0,0,0,0,0,0,0,59.8
Dontayvion Wicks,WR,PHI,,0,0,0,0,0,0,0,0,24.3,310,1.8,39.3,0,0,0,0,0,0,0,65.6
Jaguars D/ST,DST,JAX,,0,0,0,0,0,0,0,0,0,0,0,0,0,0,0,0,0,0,0,83.6
Colts D/ST,DST,IND,,0,0,0,0,0,0,0,0,0,0,0,0,0,0,0,0,0,0,0,88
Evan McPherson,K,CIN,,0,0,0,0,0,0,0,0,0,0,0,0,0,0,0,0,0,0,0,142.1
Nick Folk,K,ATL,,0,0,0,0,0,0,0,0,0,0,0,0,0,0,0,0,0,0,0,141.4
Oronde Gadsden,TE,LAC,,0,0,0,0,0,0,0,0,41.6,443.7,3.5,58.4,0,0,0,0,0,0,0,106.3
Greg Dulcich,TE,MIA,,0,0,0,0,0,0,0,0,51.8,581,1.6,75.4,0,0,0,0,0,0,0,119.2
Cade Otton,TE,TB,,0,0,0,0,0,0,0,0,44.6,440.8,2.3,64,0,0,0,0,0,0,0,102.3
Savion Williams,WR,GB,,0,0,0,0,0,9,47,0.3,23.9,271.5,2,36.7,0,0,0,0,0,0,0,69.8
Pat Bryant,WR,DEN,,0,0,0,0,0,0,0,0,28.4,319.6,2.1,45.2,0,0,0,0,0,0,0,72.7
Tory Horton,WR,SEA,,0,0,0,0,0,0,0,0,21.6,299,2.3,35.3,0,0,0,0,0,0,0,65.5
Elijah Sarratt,WR,BAL,,0,0,0,0,0,0,0,0,19.5,294.6,1.8,32.7,0,0,0,0,0,0,0,59.4
Malik Davis,RB,DAL,,0,0,0,0,0,44.2,192.2,1.4,4.1,29.6,0.2,5.7,0,0,0,0,0,0,0,35.6
Emanuel Wilson,RB,SEA,,0,0,0,0,0,11.4,48,0.4,1.4,10.3,0.1,1.8,0,0,0,0,0,0,0,9.9
Geno Smith,QB,NYJ,,361.1,530.6,3813.1,20.3,14.3,58,219.9,1,0,0,0,0,0,0,0,0,0,0,0,231.9
Aaron Rodgers,QB,PIT,,362.7,568.4,3767.9,20.1,11.1,28.1,99.5,0.9,0,0,0,0,0,0,0,0,0,0,0,218.4
Jacoby Brissett,QB,ARI,,327,516.5,3359.1,15,9.2,47.2,210.3,1.3,0,0,0,0,0,0,0,0,0,0,0,199.7
Deshaun Watson,QB,CLE,,191.5,311.3,2042.5,8.4,7,42,211.1,1,0,0,0,0,0,0,0,0,0,0,0,124.2
Dyami Brown,WR,WSH,,0,0,0,0,0,0,0,0,29.6,392.1,2.7,46.4,0,0,0,0,0,0,0,84.6
Darius Slayton,WR,NYG,,0,0,0,0,0,2.2,12.3,0.1,29.7,411.4,1.9,47.4,0,0,0,0,0,0,0,83.6
Treylon Burks,WR,WSH,Q,0,0,0,0,0,0,0,0,28.3,393.6,2.3,46.4,0,0,0,0,0,0,0,81.3
Tyquan Thornton,WR,KC,,0,0,0,0,0,0,0,0,23.8,358.6,2.9,43.5,0,0,0,0,0,0,0,77.2
Andrei Iosivas,WR,CIN,,0,0,0,0,0,2,11.2,0.1,27.3,317.5,2.8,45.8,0,0,0,0,0,0,0,77.2
Will Shipley,RB,PHI,,0,0,0,0,0,9.3,39.6,0.3,11.3,83.5,0.4,14.7,0,0,0,0,0,0,0,28
Devin Singletary,RB,NYG,,0,0,0,0,0,22.3,89.2,0.6,4.2,26.3,0.1,5.1,0,0,0,0,0,0,0,19.9
Tyler Badie,RB,DEN,,0,0,0,0,0,4.1,17.7,0.1,8,65.5,0.4,11.3,0,0,0,0,0,0,0,19.5
Tahj Brooks,RB,CIN,,0,0,0,0,0,30.5,129.4,0.9,0,0,0,0,0,0,0,0,0,0,0,18.5
Trevor Etienne,RB,CAR,,0,0,0,0,0,12.3,52.5,0.3,4.1,29.6,0.2,5.2,0,0,0,0,0,0,0,16.8
Seth McGowan,RB,IND,,0,0,0,0,0,12.6,52.1,0.4,4.3,28.9,0.2,5.2,0,0,0,0,0,0,0,15.7
Kendre Miller,RB,NO,,0,0,0,0,0,12.9,54.8,0.3,0,0,0,0,0,0,0,0,0,0,0,7.3
Jawhar Jordan,RB,HOU,,0,0,0,0,0,12.6,53.9,0.3,0,0,0,0,0,0,0,0,0,0,0,6.9
Jahan Dotson,WR,ATL,,0,0,0,0,0,0,0,0,28.7,358.2,1.8,49.3,0,0,0,0,0,0,0,75.4
Bengals D/ST,DST,CIN,,0,0,0,0,0,0,0,0,0,0,0,0,0,0,0,0,0,0,0,87.7
Bears D/ST,DST,CHI,,0,0,0,0,0,0,0,0,0,0,0,0,0,0,0,0,0,0,0,86.5
Trey Smack,K,GB,,0,0,0,0,0,0,0,0,0,0,0,0,0,0,0,0,0,0,0,144.2
Jake Elliott,K,PHI,,0,0,0,0,0,0,0,0,0,0,0,0,0,0,0,0,0,0,0,135.9
Mike Gesicki,TE,CIN,,0,0,0,0,0,0,0,0,40.1,393.5,4.6,57.2,0,0,0,0,0,0,0,107.1
Evan Engram,TE,DEN,,0,0,0,0,0,0,0,0,47.3,463.5,2.2,67.8,0,0,0,0,0,0,0,106.4
David Njoku,TE,LAC,,0,0,0,0,0,0,0,0,29,298.7,2.8,42.5,0,0,0,0,0,0,0,75.4
Michael Mayer,TE,LV,,0,0,0,0,0,0,0,0,36.9,363.1,1.3,54.2,0,0,0,0,0,0,0,80.7
Jake Tonges,TE,SF,,0,0,0,0,0,0,0,0,13.2,135,1.1,18.5,0,0,0,0,0,0,0,32.9
Marvin Mims Jr.,WR,DEN,,0,0,0,0,0,8.2,45.1,0.3,24.2,272.4,1.6,33.9,0,0,0,0,0,0,0,69.8
KaVontae Turpin,WR,DAL,,0,0,0,0,0,17.7,102.4,0.4,18.2,229.9,1.7,28.3,0,0,0,0,0,0,0,66.8
Tua Tagovailoa,QB,ATL,Q,204.1,301.7,2170.9,10.4,7.9,15.9,43.9,0.3,0,0,0,0,0,0,0,0,0,0,0,114.9
49ers D/ST,DST,SF,,0,0,0,0,0,0,0,0,0,0,0,0,0,0,0,0,0,0,0,82.9
Jets D/ST,DST,NYJ,,0,0,0,0,0,0,0,0,0,0,0,0,0,0,0,0,0,0,0,83
Saints D/ST,DST,NO,,0,0,0,0,0,0,0,0,0,0,0,0,0,0,0,0,0,0,0,78.2
Panthers D/ST,DST,CAR,,0,0,0,0,0,0,0,0,0,0,0,0,0,0,0,0,0,0,0,62.1
Shedeur Sanders,QB,CLE,,146.9,232.1,1623.2,7.1,5.6,21.2,119.3,0.6,0,0,0,0,0,0,0,0,0,0,0,96.5
Kirk Cousins,QB,LV,,78.4,118.1,832.6,4.2,2.7,5.7,11.1,0.3,0,0,0,0,0,0,0,0,0,0,0,46.2
Kaleb Johnson,RB,PIT,,0,0,0,0,0,8.6,35.8,0.2,0,0,0,0,0,0,0,0,0,0,0,4.8
Kene Nwangwu,RB,NYJ,,0,0,0,0,0,0,0,0,0,0,0,0,0,0,0,0,0,0,0,2.3
Isaac Guerendo,RB,SF,O,0,0,0,0,0,0,0,0,0,0,0,0,0,0,0,0,0,0,0,1.3
Brashard Smith,RB,KC,,0,0,0,0,0,0,0,0,0,0,0,0,0,0,0,0,0,0,0,1
Bam Knight,RB,ARI,,0,0,0,0,0,0,0,0,0,0,0,0,0,0,0,0,0,0,0,0.8
Dylan Laube,RB,LV,,0,0,0,0,0,0,0,0,0,0,0,0,0,0,0,0,0,0,0,0.7
Rasheen Ali,RB,BAL,,0,0,0,0,0,0,0,0,0,0,0,0,0,0,0,0,0,0,0,0.5
Michael Penix Jr.,QB,ATL,Q,168.4,265,1886.3,9.5,5.1,19.3,76.9,0.9,0,0,0,0,0,0,0,0,0,0,0,114
Ja'Tavion Sanders,TE,CAR,,0,0,0,0,0,0,0,0,35.1,303.8,2.1,47,0,0,0,0,0,0,0,77.7
Colby Parkinson,TE,LAR,,0,0,0,0,0,0,0,0,24,249.1,2.7,33.7,0,0,0,0,0,0,0,64.6
Darnell Washington,TE,PIT,,0,0,0,0,0,0,0,0,31,304.2,1.9,45.3,0,0,0,0,0,0,0,72.3
Dawson Knox,TE,BUF,,0,0,0,0,0,0,0,0,24.9,265.1,2.8,35.8,0,0,0,0,0,0,0,68.3
J.J. McCarthy,QB,MIN,,54.5,85.7,598.8,3.4,2.3,9.8,43.8,0.6,0,0,0,0,0,0,0,0,0,0,0,39.9
Carson Beck,QB,ARI,,40.8,66.3,448.4,2.5,1.5,6.6,29.2,0.3,0,0,0,0,0,0,0,0,0,0,0,28.9
Justin Fields,QB,KC,,12.8,20.6,140.2,0.9,0.4,2.8,15.3,0.2,0,0,0,0,0,0,0,0,0,0,0,10.6
Joe Flacco,QB,CIN,,15.2,24.6,164.5,1.3,0.7,0.4,1.2,0,0,0,0,0,0,0,0,0,0,0,0,10.5
Mac Jones,QB,SF,,14.7,22.4,145.7,0.9,0.6,0.9,2.2,0,0,0,0,0,0,0,0,0,0,0,0,8.6
Jacob Saylors,RB,DET,,0,0,0,0,0,0,0,0,0,0,0,0,0,0,0,0,0,0,0,0.3
DeeJay Dallas,RB,JAX,,0,0,0,0,0,0,0,0,0,0,0,0,0,0,0,0,0,0,0,0.2
Josh Williams,RB,TB,,0,0,0,0,0,0,0,0,0,0,0,0,0,0,0,0,0,0,0,0.1
Elijah Arroyo,TE,SEA,,0,0,0,0,0,0,0,0,24.1,264.2,1.7,35.3,0,0,0,0,0,0,0,60.6
Eli Stowers,TE,PHI,,0,0,0,0,0,4.6,19.9,0.2,14.3,142.9,1,19.7,0,0,0,0,0,0,0,37.7
Mason Taylor,TE,NYJ,,0,0,0,0,0,0,0,0,27.6,231.6,1.1,37.2,0,0,0,0,0,0,0,57.5
Theo Johnson,TE,NYG,,0,0,0,0,0,0,0,0,25.8,272,1.6,38.3,0,0,0,0,0,0,0,62.6
Tyler Higbee,TE,LAR,,0,0,0,0,0,0,0,0,15.3,154.4,1.3,22.5,0,0,0,0,0,0,0,38.1
Max Klare,TE,LAR,,0,0,0,0,0,0,0,0,4,38.2,0.4,5.6,0,0,0,0,0,0,0,10
Tommy Tremble,TE,CAR,,0,0,0,0,0,0,0,0,25.7,252,1.9,36.6,0,0,0,0,0,0,0,62.3
Noah Gray,TE,KC,,0,0,0,0,0,0,0,0,26.1,261.7,1.4,38,0,0,0,0,0,0,0,60.6
Cole Kmet,TE,CHI,,0,0,0,0,0,0,0,0,21.7,219.3,1.7,30.8,0,0,0,0,0,0,0,53.6
Noah Fant,TE,NO,,0,0,0,0,0,0,0,0,21.3,180,1,27.4,0,0,0,0,0,0,0,45
Austin Hooper,TE,ATL,,0,0,0,0,0,0,0,0,20.5,181,0.8,27.4,0,0,0,0,0,0,0,43.4
Elijah Higgins,TE,ARI,,0,0,0,0,0,0,0,0,20.9,182.2,0.7,28.6,0,0,0,0,0,0,0,43
Jameis Winston,QB,NYG,,13.6,22.3,163.4,0.9,0.9,0.7,2.7,0,0,0,0,0,0,0,0,0,0,0,0,8.7
Ty Simpson,QB,LAR,,13.5,21.9,146.4,1.2,0.6,1.1,4.8,0.1,0,0,0,0,0,0,0,0,0,0,0,10
Jarrett Stidham,QB,DEN,,13.8,22.2,161.4,1.1,0.6,1.6,6.8,0,0,0,0,0,0,0,0,0,0,0,0,10.4
Nick Mullens,QB,JAX,,15.4,23.7,179.3,1.1,0.8,1.1,3.4,0,0,0,0,0,0,0,0,0,0,0,0,10.3
Jake Browning,QB,TB,,14.6,21.9,162.9,1.1,0.7,1.3,5.5,0.1,0,0,0,0,0,0,0,0,0,0,0,10.3
Tommy DeVito,QB,NE,,14.6,22.5,149.8,1,0.4,1.9,9.5,0.1,0,0,0,0,0,0,0,0,0,0,0,10.3
Marcus Mariota,QB,WSH,,14.3,22.6,166.2,1,0.7,1.8,9.8,0.1,0,0,0,0,0,0,0,0,0,0,0,10.2
Tyson Bagent,QB,CHI,,14.2,22.1,156,1,0.5,1.5,5.9,0.1,0,0,0,0,0,0,0,0,0,0,0,10.1
Sam Howell,QB,DAL,,13.9,22,144.8,1,0.7,1.3,7,0.1,0,0,0,0,0,0,0,0,0,0,0,9.6
Charlie Smyth,K,NO,,0,0,0,0,0,0,0,0,0,0,0,0,0,0,0,0,0,0,0,137.7
Wil Lutz,K,DEN,,0,0,0,0,0,0,0,0,0,0,0,0,0,0,0,0,0,0,0,135.7
Tyler Bass,K,BUF,,0,0,0,0,0,0,0,0,0,0,0,0,0,0,0,0,0,0,0,136.7
Dominic Zvada,K,NYG,,0,0,0,0,0,0,0,0,0,0,0,0,0,0,0,0,0,0,0,137.4
Blake Grupe,K,IND,,0,0,0,0,0,0,0,0,0,0,0,0,0,0,0,0,0,0,0,132.8
Jake Moody,K,WSH,,0,0,0,0,0,0,0,0,0,0,0,0,0,0,0,0,0,0,0,128.5
Andy Borregales,K,NE,,0,0,0,0,0,0,0,0,0,0,0,0,0,0,0,0,0,0,0,129
Zane Gonzalez,K,MIA,,0,0,0,0,0,0,0,0,0,0,0,0,0,0,0,0,0,0,0,127.4
Matt Gay,K,LV,,0,0,0,0,0,0,0,0,0,0,0,0,0,0,0,0,0,0,0,125.2
Ryan Fitzgerald,K,CAR,,0,0,0,0,0,0,0,0,0,0,0,0,0,0,0,0,0,0,0,124.2
Joey Slye,K,TEN,,0,0,0,0,0,0,0,0,0,0,0,0,0,0,0,0,0,0,0,123.1
Chad Ryland,K,ARI,,0,0,0,0,0,0,0,0,0,0,0,0,0,0,0,0,0,0,0,121.7
Andre Szmyt,K,CLE,,0,0,0,0,0,0,0,0,0,0,0,0,0,0,0,0,0,0,0,121.5
Jason Sanders,K,NYJ,,0,0,0,0,0,0,0,0,0,0,0,0,0,0,0,0,0,0,0,128.3
Vikings D/ST,DST,MIN,,0,0,0,0,0,0,0,0,0,0,0,0,0,0,0,0,0,0,0,74.3
Giants D/ST,DST,NYG,,0,0,0,0,0,0,0,0,0,0,0,0,0,0,0,0,0,0,0,71.1
Titans D/ST,DST,TEN,,0,0,0,0,0,0,0,0,0,0,0,0,0,0,0,0,0,0,0,67
Cowboys D/ST,DST,DAL,,0,0,0,0,0,0,0,0,0,0,0,0,0,0,0,0,0,0,0,64.8
Commanders D/ST,DST,WSH,,0,0,0,0,0,0,0,0,0,0,0,0,0,0,0,0,0,0,0,61.7
Falcons D/ST,DST,ATL,,0,0,0,0,0,0,0,0,0,0,0,0,0,0,0,0,0,0,0,60
Raiders D/ST,DST,LV,,0,0,0,0,0,0,0,0,0,0,0,0,0,0,0,0,0,0,0,57.2
Bills D/ST,DST,BUF,,0,0,0,0,0,0,0,0,0,0,0,0,0,0,0,0,0,0,0,57.5
Cardinals D/ST,DST,ARI,,0,0,0,0,0,0,0,0,0,0,0,0,0,0,0,0,0,0,0,50.7
Dolphins D/ST,DST,MIA,,0,0,0,0,0,0,0,0,0,0,0,0,0,0,0,0,0,0,0,44.7
Jaylin Lane,WR,WSH,,0,0,0,0,0,0,0,0,22.6,279.2,1.8,36.1,0,0,0,0,0,0,0,63.6
DeMario Douglas,WR,NE,,0,0,0,0,0,4.1,21.4,0.2,22.7,271.1,1.5,31.1,0,0,0,0,0,0,0,61.5
Devaughn Vele,WR,NO,,0,0,0,0,0,0,0,0,25.2,257.7,1.7,38.3,0,0,0,0,0,0,0,60.8
Nick Westbrook-Ikhine,WR,IND,,0,0,0,0,0,0,0,0,21.6,269.6,2,36.7,0,0,0,0,0,0,0,60.4
Ashton Dulin,WR,IND,,0,0,0,0,0,4.2,26.4,0.2,20.3,248.9,1.1,31.4,0,0,0,0,0,0,0,55.7
Tutu Atwell,WR,MIA,,0,0,0,0,0,2.1,11.3,0.1,20.4,291.7,0.4,35.2,0,0,0,0,0,0,0,53.4
Kevin Coleman Jr.,WR,MIA,,0,0,0,0,0,0,0,0,21.1,270.5,0.7,35.2,0,0,0,0,0,0,0,51.8
Hollywood Brown,WR,PHI,,0,0,0,0,0,0,0,0,18.6,233.1,1.5,29.5,0,0,0,0,0,0,0,50.8
Troy Franklin,WR,DEN,,0,0,0,0,0,2,10.6,0.1,17,215.8,1.8,28.2,0,0,0,0,0,0,0,50.7
Kendrick Bourne,WR,ARI,,0,0,0,0,0,0,0,0,22.8,239.4,0.7,34.4,0,0,0,0,0,0,0,50.3
Kalif Raymond,WR,CHI,,0,0,0,0,0,4.6,27.2,0.2,19.2,187,0.9,25.7,0,0,0,0,0,0,0,48
Luke McCaffrey,WR,WSH,,0,0,0,0,0,0,0,0,17.5,200.7,1.2,25.8,0,0,0,0,0,0,0,45.2
Kyle Juszczyk,RB,SF,,0,0,0,0,0,4.4,18.6,0.2,20.4,162.4,1,26.3,0,0,0,0,0,0,0,45
Joshua Palmer,WR,BUF,,0,0,0,0,0,0,0,0,16.9,205.5,1.2,27.4,0,0,0,0,0,0,0,44.8
Cyrus Allen,WR,KC,Q,0,0,0,0,0,0,0,0,16.2,202.8,1.3,27.2,0,0,0,0,0,0,0,43.9
Skyler Bell,WR,BUF,,0,0,0,0,0,0,0,0,15.1,205.5,1.2,25.6,0,0,0,0,0,0,0,42.7
Bryce Lance,WR,NO,,0,0,0,0,0,0,0,0,16.4,204.4,0.9,27.4,0,0,0,0,0,0,0,42.2
Jordan Whittington,WR,LAR,,0,0,0,0,0,2.3,12.1,0.1,15,171.9,1.2,22.5,0,0,0,0,0,0,0,41.6
Erick All Jr.,TE,CIN,,0,0,0,0,0,0,0,0,17.3,155.7,1.2,22.9,0,0,0,0,0,0,0,40.1
Will Kacmarek,TE,MIA,,0,0,0,0,0,0,0,0,18.1,174.6,0.8,25.1,0,0,0,0,0,0,0,39.9
Drew Sample,TE,CIN,,0,0,0,0,0,0,0,0,17.3,146.3,1.2,22.9,0,0,0,0,0,0,0,38.7
Josh Oliver,TE,MIN,Q,0,0,0,0,0,0,0,0,16.6,150.8,1.1,22.1,0,0,0,0,0,0,0,38.4
Eli Raridon,TE,NE,,0,0,0,0,0,0,0,0,15.6,150.6,1.1,20.8,0,0,0,0,0,0,0,37
Zavion Thomas,WR,CHI,,0,0,0,0,0,0,0,0,12.5,153.6,1.2,20.6,0,0,0,0,0,0,0,36.2
Charlie Kolar,TE,LAC,,0,0,0,0,0,0,0,0,14.7,148,1.1,21.2,0,0,0,0,0,0,0,36.1
Odell Beckham Jr.,WR,NYG,,0,0,0,0,0,0.3,1.4,0,13.3,164.3,0.9,21.8,0,0,0,0,0,0,0,35.2
Devontez Walker,WR,BAL,,0,0,0,0,0,0,0,0,11.6,166.4,1.2,18.7,0,0,0,0,0,0,0,35.1
Mitchell Evans,TE,CAR,Q,0,0,0,0,0,0,0,0,15,144.2,0.9,20.9,0,0,0,0,0,0,0,35
Cade Stover,TE,HOU,,0,0,0,0,0,4.2,9.6,0.1,15.5,134.1,0.7,21.9,0,0,0,0,0,0,0,34.8
John Bates,TE,WSH,,0,0,0,0,0,0,0,0,14.7,133.6,1.1,20.6,0,0,0,0,0,0,0,34.5
Malachi Fields,WR,NYG,,0,0,0,0,0,0,0,0,13.2,157.5,0.9,20.3,0,0,0,0,0,0,0,34.1
Xavier Hutchinson,WR,HOU,,0,0,0,0,0,2.1,12.4,0.1,12.5,152.1,0.7,21.9,0,0,0,0,0,0,0,33.6
Dont'e Thornton Jr.,WR,LV,,0,0,0,0,0,0,0,0,12.1,167.5,0.6,21.7,0,0,0,0,0,0,0,32.3
Olamide Zaccheaus,WR,ATL,,0,0,0,0,0,0,0,0,14.3,142.2,0.6,21.9,0,0,0,0,0,0,0,32.3
Chimere Dike,WR,TEN,,0,0,0,0,0,10.1,50.2,0.6,7.1,73.7,0.5,11,0,0,0,0,0,0,0,30.5
Isaiah Bond,WR,CLE,,0,0,0,0,0,4.3,23.5,0.1,9.9,130.1,0.8,18.1,0,0,0,0,0,0,0,30.5
Tanner Hudson,TE,CIN,,0,0,0,0,0,0,0,0,13.1,110.2,0.9,17.2,0,0,0,0,0,0,0,29.3
Konata Mumpfield,WR,LAR,,0,0,0,0,0,0,0,0,9.9,126.7,1.1,16.9,0,0,0,0,0,0,0,29.3
Adam Trautman,TE,DEN,,0,0,0,0,0,0,0,0,11.7,113,1,16.9,0,0,0,0,0,0,0,28.8
Mack Hollins,WR,NE,,0,0,0,0,0,0,0,0,10.8,126.7,0.8,15.6,0,0,0,0,0,0,0,28.1
Luke Schoonmaker,TE,DAL,,0,0,0,0,0,0,0,0,11.4,110.2,0.9,17,0,0,0,0,0,0,0,27.7
Jackson Hawes,TE,BUF,,0,0,0,0,0,0,0,0,11.1,110.2,0.9,15.3,0,0,0,0,0,0,0,27.5
Brenen Thompson,WR,LAC,,0,0,0,0,0,2.1,11.3,0.1,9.5,121,0.7,15.9,0,0,0,0,0,0,0,27.4
Mo Alie-Cox,TE,IND,,0,0,0,0,0,0,0,0,10.8,111,0.9,15.7,0,0,0,0,0,0,0,27.2
KeAndre Lambert-Smith,WR,LAC,,0,0,0,0,0,0,0,0,9.6,121,0.9,15.9,0,0,0,0,0,0,0,27
Daniel Bellinger,TE,TEN,,0,0,0,0,0,0,0,0,12.7,111.6,0.5,16.5,0,0,0,0,0,0,0,26.6
Ben Sinnott,TE,WSH,,0,0,0,0,0,0,0,0,11.6,105,0.8,15.5,0,0,0,0,0,0,0,26.6
Jeremy Ruckert,TE,NYJ,,0,0,0,0,0,0,0,0,12.4,95.6,0.5,15.9,0,0,0,0,0,0,0,25.2
Hunter Luepke,RB,DAL,,0,0,0,0,0,13.3,56.1,0.4,8.6,61.7,0.4,11.3,0,0,0,0,0,0,0,25.1
Luke Musgrave,TE,GB,O,0,0,0,0,0,0,0,0,11.2,101.7,0.5,15.7,0,0,0,0,0,0,0,24.4
Durham Smythe,TE,BAL,,0,0,0,0,0,0,0,0,9.8,94.1,0.7,14,0,0,0,0,0,0,0,23.6
Kyle Williams,WR,NE,,0,0,0,0,0,4.1,22.3,0.2,6.4,91.5,0.6,10.4,0,0,0,0,0,0,0,22.6
Tez Johnson,WR,TB,,0,0,0,0,0,4.4,23.3,0.2,6.7,77.6,0.6,10.7,0,0,0,0,0,0,0,21.6
Jimmy Horn Jr.,WR,CAR,,0,0,0,0,0,6.2,36.8,0.2,6.6,76.6,0.4,10.4,0,0,0,0,0,0,0,21.5
Mitchell Tinsley,WR,CIN,,0,0,0,0,0,0,0,0,6.6,84.1,0.8,11.4,0,0,0,0,0,0,0,19.6
Davis Allen,TE,LAR,,0,0,0,0,0,0,0,0,7.8,73.6,0.7,11.2,0,0,0,0,0,0,0,19.5
Foster Moreau,TE,HOU,,0,0,0,0,0,0,0,0,7.6,79.3,0.6,11,0,0,0,0,0,0,0,19.1
Nate Adkins,TE,DEN,,0,0,0,0,0,0,0,0,7.8,68.6,0.7,11.3,0,0,0,0,0,0,0,18.7
Calvin Austin III,WR,NYG,,0,0,0,0,0,0,0,0,7.1,86.3,0.4,11.6,0,0,0,0,0,0,0,18.6
Brock Wright,TE,DET,,0,0,0,0,0,0,0,0,7.7,72.3,0.6,10.8,0,0,0,0,0,0,0,18.6
Nate Boerkircher,TE,JAX,,0,0,0,0,0,0,0,0,7.8,73.5,0.6,11.3,0,0,0,0,0,0,0,18.4
Jalen Royals,WR,KC,,0,0,0,0,0,0,0,0,6.8,78,0.6,10.9,0,0,0,0,0,0,0,18.3
Payne Durham,TE,TB,,0,0,0,0,0,0,0,0,7.2,70.6,0.6,10.7,0,0,0,0,0,0,0,18.1
Anthony Gould,WR,IND,,0,0,0,0,0,0,0,0,7,74.5,0.3,10.5,0,0,0,0,0,0,0,17.8
Alec Ingold,RB,LAC,,0,0,0,0,0,2.1,8.6,0.1,7.9,58.3,0.2,10.6,0,0,0,0,0,0,0,16.3
Joe Royer,TE,CLE,,0,0,0,0,0,0,0,0,7.5,67.2,0.3,10.3,0,0,0,0,0,0,0,16.2
Greg Dortch,WR,DET,,0,0,0,0,0,4.6,24,0.4,4.1,39.8,0.3,5.4,0,0,0,0,0,0,0,16
Elic Ayomanor,WR,TEN,,0,0,0,0,0,0,0,0,5.9,75.9,0.4,11,0,0,0,0,0,0,0,15.8
Malik Benson,WR,LV,,0,0,0,0,0,0,0,0,6.4,79.3,0.3,10.8,0,0,0,0,0,0,0,15.8
Ben Sims,TE,MIA,,0,0,0,0,0,0,0,0,7,65.4,0.3,10.1,0,0,0,0,0,0,0,15.4
Isaiah Williams,WR,NYJ,,0,0,0,0,0,2.2,12.7,0.1,3.8,35.8,0.1,5.3,0,0,0,0,0,0,0,13.5
Bo Melton,WR,GB,,0,0,0,0,0,4.5,26,0.1,2.9,37.5,0.3,5.2,0,0,0,0,0,0,0,11.7
Ben Skowronek,WR,PIT,,0,0,0,0,0,0,0,0,5.4,51,0.2,8.5,0,0,0,0,0,0,0,11.7
Derius Davis,WR,LAC,,0,0,0,0,0,2.1,11,0.1,3.5,37.9,0.3,5.3,0,0,0,0,0,0,0,11.6
Xavier Smith,WR,LAR,,0,0,0,0,0,0,0,0,3.6,44.4,0.3,5.6,0,0,0,0,0,0,0,11.6
Tyrell Shavers,WR,BUF,O,0,0,0,0,0,0,0,0,4,52.2,0.3,6.6,0,0,0,0,0,0,0,11
Adam Prentice,RB,DEN,,0,0,0,0,0,4.1,17.4,0.1,4.1,29.8,0.1,5.6,0,0,0,0,0,0,0,10.5
Connor Heyward,RB,LV,,0,0,0,0,0,4.2,17.6,0.1,4,28.9,0.2,5.4,0,0,0,0,0,0,0,10.3
Michael Burton,RB,CLE,,0,0,0,0,0,4.3,17.6,0.1,4.2,26.5,0.1,5.2,0,0,0,0,0,0,0,10
Luke Farrell,TE,SF,,0,0,0,0,0,0,0,0,4.2,40.7,0.3,5.9,0,0,0,0,0,0,0,10
Colbie Young,WR,CIN,,0,0,0,0,0,0,0,0,3.5,43.2,0.3,5.7,0,0,0,0,0,0,0,9.8
Barion Brown,WR,NO,,0,0,0,0,0,0,0,0,3.3,39.9,0.2,5.5,0,0,0,0,0,0,0,9.7
Max Bredeson,RB,MIN,,0,0,0,0,0,2,8.5,0.1,4.5,29.4,0.2,5.5,0,0,0,0,0,0,0,9.6
CJ Daniels,WR,LAR,,0,0,0,0,0,0,0,0,3.4,42.8,0.3,5.6,0,0,0,0,0,0,0,9.6
Justin Joly,TE,DEN,,0,0,0,0,0,0,0,0,4,37.7,0.3,5.6,0,0,0,0,0,0,0,9.6
Brevyn Spann-Ford,TE,DAL,,0,0,0,0,0,0,0,0,3.9,36.8,0.3,5.7,0,0,0,0,0,0,0,9.5
Tanner McKee,QB,PHI,,13.7,21.6,153.1,1,0.5,1,3.7,0,0,0,0,0,0,0,0,0,0,0,0,9.5
Malachi Corley,WR,CLE,,0,0,0,0,0,6.4,43.8,0.2,1.7,16.5,0.1,2.6,0,0,0,0,0,0,0,9.5
Drew Allar,QB,PIT,,14.9,23,160.1,0.9,0.5,1.3,5.6,0.1,0,0,0,0,0,0,0,0,0,0,0,9.4
Teddy Bridgewater,QB,DET,,13.3,21.6,150.8,1,0.7,1.1,4.8,0.1,0,0,0,0,0,0,0,0,0,0,0,9.4
Trey Lance,QB,LAC,,13.2,22.5,147.3,1,0.6,1.5,6.8,0,0,0,0,0,0,0,0,0,0,0,0,9.4
Riley Leonard,QB,IND,,14.6,22.7,158.1,0.8,0.5,1.2,5.4,0.1,0,0,0,0,0,0,0,0,0,0,0,9.4
Tyrod Taylor,QB,GB,,12.8,20,136.1,0.9,0.5,2.3,12.4,0.1,0,0,0,0,0,0,0,0,0,0,0,9.3
CJ Dippre,TE,NE,O,0,0,0,0,0,0,0,0,3.9,37.3,0.3,5.2,0,0,0,0,0,0,0,9.2
Tanner Koziol,TE,JAX,,0,0,0,0,0,0,0,0,3.9,36.6,0.3,5.7,0,0,0,0,0,0,0,9.2
Ko Kieft,TE,TB,,0,0,0,0,0,0,0,0,3.7,36.1,0.3,5.3,0,0,0,0,0,0,0,9.1
Kenny Pickett,QB,CAR,,14.1,22.6,153.7,0.9,0.5,1.3,3.7,0,0,0,0,0,0,0,0,0,0,0,0,9.1
Tai Felton,WR,MIN,,0,0,0,0,0,0,0,0,3.7,37.1,0.2,5.5,0,0,0,0,0,0,0,9
Christian Kirk,WR,SF,Q,0,0,0,0,0,0,0,0,3.1,42,0.3,5.3,0,0,0,0,0,0,0,9
Oscar Delp,TE,NO,,0,0,0,0,0,0,0,0,3.9,36.5,0.2,5.5,0,0,0,0,0,0,0,9
Tyler Conklin,TE,DET,O,0,0,0,0,0,0,0,0,3.7,38,0.3,5.4,0,0,0,0,0,0,0,9
Spencer Rattler,QB,NO,,14.9,22.9,153.6,0.8,0.5,1.3,7.1,0,0,0,0,0,0,0,0,0,0,0,0,8.9
Marlin Klein,TE,HOU,,0,0,0,0,0,0,0,0,4,36.3,0.2,5.5,0,0,0,0,0,0,0,8.9
Drew Ogletree,TE,IND,,0,0,0,0,0,0,0,0,3.6,35.3,0.3,5.2,0,0,0,0,0,0,0,8.7
Sam Roush,TE,CHI,,0,0,0,0,0,0,0,0,3.6,33.8,0.3,5.1,0,0,0,0,0,0,0,8.7
Jahdae Walker,WR,CHI,,0,0,0,0,0,0,0,0,3.2,35.6,0.3,5.1,0,0,0,0,0,0,0,8.7
Matthew Hibner,TE,BAL,,0,0,0,0,0,0,0,0,3.3,35.8,0.3,4.7,0,0,0,0,0,0,0,8.7
Josh Cuevas,TE,BAL,,0,0,0,0,0,0,0,0,3.3,35.8,0.3,4.7,0,0,0,0,0,0,0,8.7
Tyler Huntley,QB,BAL,,12.6,19.5,128.6,0.9,0.5,2,9.5,0.1,0,0,0,0,0,0,0,0,0,0,0,8.6
Eric Saubert,TE,SEA,,0,0,0,0,0,0,0,0,3.4,34.4,0.3,5,0,0,0,0,0,0,0,8.6
Justin Watson,WR,HOU,,0,0,0,0,0,0,0,0,3.1,41.6,0.2,5.5,0,0,0,0,0,0,0,8.6
Darius Cooper,WR,PHI,,0,0,0,0,0,0,0,0,3.3,37.7,0.3,4.9,0,0,0,0,0,0,0,8.5
Tip Reiman,TE,ARI,O,0,0,0,0,0,0,0,0,3.8,34.5,0.2,5.7,0,0,0,0,0,0,0,8.4
Jonathan Mingo,WR,DAL,,0,0,0,0,0,0,0,0,2.9,40.6,0.3,5.7,0,0,0,0,0,0,0,8.4
Andrew Beck,RB,NYJ,,0,0,0,0,0,0,0,0,4.2,28.2,0.2,5.3,0,0,0,0,0,0,0,8.4
Davis Mills,QB,HOU,,14.1,23.5,146.4,0.8,0.6,1,3.9,0,0,0,0,0,0,0,0,0,0,0,0,8.4
Laquon Treadwell,WR,IND,,0,0,0,0,0,0,0,0,3.5,36.9,0.2,5.2,0,0,0,0,0,0,0,8.3
Ian Thomas,TE,LV,,0,0,0,0,0,0,0,0,3.8,35.9,0.2,5.4,0,0,0,0,0,0,0,8.3
Charlie Woerner,TE,ATL,,0,0,0,0,0,0,0,0,3.9,32.7,0.2,5.5,0,0,0,0,0,0,0,8.2
Johnny Mundt,TE,PHI,,0,0,0,0,0,0,0,0,3.4,35.4,0.2,4.9,0,0,0,0,0,0,0,8.2
Cade Klubnik,QB,NYJ,,13.1,21.8,143.3,0.8,0.8,1.5,6.7,0.1,0,0,0,0,0,0,0,0,0,0,0,8.2
Brycen Tremayne,WR,CAR,,0,0,0,0,0,0,0,0,3.3,36.5,0.2,5.2,0,0,0,0,0,0,0,8.1
Reggie Virgil,WR,ARI,,0,0,0,0,0,0,0,0,3.4,39.3,0.1,5.7,0,0,0,0,0,0,0,8.1
Riley Nowakowski,RB,PIT,,0,0,0,0,0,0,0,0,4.3,29.1,0.2,5.7,0,0,0,0,0,0,0,8.1
Kaden Wetjen,WR,PIT,,0,0,0,0,0,2.1,11.7,0.1,1.6,18.8,0.1,2.8,0,0,0,0,0,0,0,8.1
Kyle Allen,QB,BUF,,13.2,22,138,0.9,0.7,1.1,2.9,0,0,0,0,0,0,0,0,0,0,0,0,8
Drew Lock,QB,SEA,,12.9,21.2,134.3,0.8,0.6,1.2,5.2,0,0,0,0,0,0,0,0,0,0,0,0,8
Reggie Gilliam,RB,NE,,0,0,0,0,0,0,0,0,4.1,29.8,0.1,5.2,0,0,0,0,0,0,0,8
Mitchell Trubisky,QB,TEN,,15,23.6,154,0.7,0.7,1.1,2.5,0,0,0,0,0,0,0,0,0,0,0,0,7.7
Jack Stoll,TE,CLE,,0,0,0,0,0,0,0,0,3.6,30.3,0.2,5.2,0,0,0,0,0,0,0,7.5
Patrick Ricard,RB,NYG,,0,0,0,0,0,0,0,0,3.9,26.9,0.1,5.1,0,0,0,0,0,0,0,7.4
Cedric Tillman,WR,CLE,,0,0,0,0,0,0,0,0,3,33.2,0.2,5.2,0,0,0,0,0,0,0,7.3
Quinn Ewers,QB,MIA,,14.1,22.4,152.9,0.6,0.6,1,4,0,0,0,0,0,0,0,0,0,0,0,0,7.3
Gardner Minshew II,QB,ARI,,13.6,21.7,141.8,0.6,0.6,0.9,2.6,0,0,0,0,0,0,0,0,0,0,0,0,7.2
Chris Manhertz,TE,NYG,,0,0,0,0,0,0,0,0,1.8,16.3,0.1,2.5,0,0,0,0,0,0,0,4.2
Kameron Johnson,WR,TB,,0,0,0,0,0,2.2,12.1,0.1,0,0,0,0,0,0,0,0,0,0,0,3.6
Arian Smith,WR,NYJ,,0,0,0,0,0,4.3,23.7,0.2,0,0,0,0,0,0,0,0,0,0,0,3.5
Braxton Berrios,WR,NYG,,0,0,0,0,0,0,0,0,0,0,0,0,0,0,0,0,0,0,0,2.5
Charlie Jones,WR,CIN,,0,0,0,0,0,0,0,0,0,0,0,0,0,0,0,0,0,0,0,2.5
British Brooks,RB,HOU,,0,0,0,0,0,4.2,18,0.1,0,0,0,0,0,0,0,0,0,0,0,2.4
Myles Price,WR,MIN,,0,0,0,0,0,0,0,0,0,0,0,0,0,0,0,0,0,0,0,1.9
LaJohntay Wester,WR,BAL,,0,0,0,0,0,0,0,0,0,0,0,0,0,0,0,0,0,0,0,1.9
Britain Covey,WR,PHI,,0,0,0,0,0,0,0,0,0,0,0,0,0,0,0,0,0,0,0,1.7
JuJu Smith-Schuster,WR,NYG,,0,0,0,0,0,0,0,0,0.7,6.4,0,0.9,0,0,0,0,0,0,0,1.6
Nikko Remigio,WR,KC,,0,0,0,0,0,0,0,0,0,0,0,0,0,0,0,0,0,0,0,1.4
Jacob Cowing,WR,SF,,0,0,0,0,0,0,0,0,0,0,0,0,0,0,0,0,0,0,0,1.2
Ke'Shawn Williams,WR,CIN,,0,0,0,0,0,0,0,0,0,0,0,0,0,0,0,0,0,0,0,1
Devin Duvernay,WR,ARI,,0,0,0,0,0,0,0,0,0,0,0,0,0,0,0,0,0,0,0,0.8
Gage Larvadain,WR,CLE,,0,0,0,0,0,0,0,0,0,0,0,0,0,0,0,0,0,0,0,0.7
Mason Tipton,WR,NO,O,0,0,0,0,0,0,0,0,0,0,0,0,0,0,0,0,0,0,0,0.7
Efton Chism III,WR,NE,,0,0,0,0,0,0,0,0,0,0,0,0,0,0,0,0,0,0,0,0.5
Skyy Moore,WR,GB,,0,0,0,0,0,0,0,0,0,0,0,0,0,0,0,0,0,0,0,0.4
Dareke Young,WR,LV,,0,0,0,0,0,0,0,0,0,0,0,0,0,0,0,0,0,0,0,0.3
Josh Cameron,WR,JAX,,0,0,0,0,0,0,0,0,0,0,0,0,0,0,0,0,0,0,0,0.3
Jalen Brooks,WR,ARI,,0,0,0,0,0,0,0,0,0,0,0,0,0,0,0,0,0,0,0,0.3
Michael Bandy,WR,DEN,,0,0,0,0,0,0,0,0,0,0,0,0,0,0,0,0,0,0,0,0.2
Jeshaun Jones,WR,MIN,,0,0,0,0,0,0,0,0,0,0,0,0,0,0,0,0,0,0,0,0.1
Mason Kinsey,WR,TEN,,0,0,0,0,0,0,0,0,0,0,0,0,0,0,0,0,0,0,0,0.1
Austin Seibert,K,FA,,0,0,0,0,0,0,0,0,0,0,0,0,0,0,0,0,0,0,0,0
Greg Joseph,K,FA,,0,0,0,0,0,0,0,0,0,0,0,0,0,0,0,0,0,0,0,0
Michael Badgley,K,FA,,0,0,0,0,0,0,0,0,0,0,0,0,0,0,0,0,0,0,0,0
Younghoe Koo,K,FA,,0,0,0,0,0,0,0,0,0,0,0,0,0,0,0,0,0,0,0,0
Daniel Carlson,K,FA,,0,0,0,0,0,0,0,0,0,0,0,0,0,0,0,0,0,0,0,0
Justin Tucker,K,FA,,0,0,0,0,0,0,0,0,0,0,0,0,0,0,0,0,0,0,0,0
Brandon McManus,K,FA,,0,0,0,0,0,0,0,0,0,0,0,0,0,0,0,0,0,0,0,0
Dustin Hopkins,K,FA,,0,0,0,0,0,0,0,0,0,0,0,0,0,0,0,0,0,0,0,0
Greg Zuerlein,K,FA,Q,0,0,0,0,0,0,0,0,0,0,0,0,0,0,0,0,0,0,0,0
Matt Prater,K,FA,,0,0,0,0,0,0,0,0,0,0,0,0,0,0,0,0,0,0,0,0
Graham Gano,K,FA,Q,0,0,0,0,0,0,0,0,0,0,0,0,0,0,0,0,0,0,0,0
Matthew Wright,K,FA,,0,0,0,0,0,0,0,0,0,0,0,0,0,0,0,0,0,0,0,0
Riley Patterson,K,MIA,,0,0,0,0,0,0,0,0,0,0,0,0,0,0,0,0,0,0,0,0
Cade York,K,NYJ,,0,0,0,0,0,0,0,0,0,0,0,0,0,0,0,0,0,0,0,0
Anders Carlson,K,FA,,0,0,0,0,0,0,0,0,0,0,0,0,0,0,0,0,0,0,0,0
Christopher Dunn,K,FA,,0,0,0,0,0,0,0,0,0,0,0,0,0,0,0,0,0,0,0,0
Tanner Brown,K,NO,,0,0,0,0,0,0,0,0,0,0,0,0,0,0,0,0,0,0,0,0
Lucas Havrisik,K,FA,,0,0,0,0,0,0,0,0,0,0,0,0,0,0,0,0,0,0,0,0
Joshua Karty,K,FA,,0,0,0,0,0,0,0,0,0,0,0,0,0,0,0,0,0,0,0,0
Brayden Narveson,K,FA,,0,0,0,0,0,0,0,0,0,0,0,0,0,0,0,0,0,0,0,0
Parker Romo,K,FA,,0,0,0,0,0,0,0,0,0,0,0,0,0,0,0,0,0,0,0,0
Jude McAtamney,K,FA,,0,0,0,0,0,0,0,0,0,0,0,0,0,0,0,0,0,0,0,0
Spencer Shrader,K,IND,,0,0,0,0,0,0,0,0,0,0,0,0,0,0,0,0,0,0,0,0
Caden Davis,K,FA,,0,0,0,0,0,0,0,0,0,0,0,0,0,0,0,0,0,0,0,0
Ben Sauls,K,NYG,,0,0,0,0,0,0,0,0,0,0,0,0,0,0,0,0,0,0,0,0
